{
  "Logistic Regression": {
    "auc": 0.7223266057855802,
    "avg_precision": 0.39017602430036524,
    "brier": 0.21298496044154858,
    "train_seconds": 11.260733842849731
  },
  "Random Forest": {
    "auc": 0.72202225695234,
    "avg_precision": 0.39319651933014693,
    "brier": 0.20499336684755265,
    "train_seconds": 7.458942890167236
  },
  "XGBoost": {
    "auc": 0.733657438199381,
    "avg_precision": 0.40929454043782637,
    "brier": 0.20298777520656586,
    "train_seconds": 3.138808012008667
  }
}